Year,Rank,School,Median ATAR,No. eligible Yr 12 students,No. Students with an ATAR,Percentage of students with an ATAR,Longitude,Latitude,Sector,Gender,Religion
2016,1,Perth Modern School,95.55,222,220,99.1,115.83639579999999,-31.94506602,Government,Co-ed,Secular
2016,2,Presbyterian Ladies' College,92.9,122,110,90.16,115.76490600000001,-31.993592,Non-government,Girls,Uniting
2016,3,Penrhos College,92.65,145,123,84.83,115.87253940000001,-31.99743072,Non-government,Girls,Uniting
2016,4,Christ Church Grammar School,92.5,188,171,90.96,115.7769868,-31.98546117,Non-government,Boys,Anglican
2016,5,Santa Maria College,91.85,189,151,79.89,115.795823,-32.018614,Non-government,Girls,Catholic
2016,6,St Hilda's Anglican School for Girls,91.4,135,127,94.07,115.767812,-32.005047,Non-government,Girls,Anglican
2016,7,Perth College,90.55,140,127,90.71,115.87548090000001,-31.93117853,Non-government,Girls,Catholic
2016,8,St Mary's Anglican Girls' School,90.4,174,156,89.66,115.766244,-31.87697112,Non-government,Girls,Anglican
2016,9,Methodist Ladies' College,90.3,102,100,98.04,115.77554029999999,-31.98701169,Non-government,Girls,Methodist
2016,10,Shenton College,90.0,287,210,73.17,115.803008,-31.95969986,Government,Co-ed,Secular
2016,11,Hale School,89.8,198,181,91.41,115.7837828,-31.91232249,Non-government,Boys,Anglican
2016,12,Carmel School,89.35,24,24,100.0,115.86207490000001,-31.89910743,Non-government,Co-ed,Jewish
2016,13,John XXIII College,88.6,157,139,88.54,115.78479879999999,-31.9599189,Non-government,Co-ed,Catholic
2016,14,Willetton Senior High School,88.05,389,289,74.29,115.8792246,-32.06131317,Government,Co-ed,Secular
2016,15,Rossmoyne Senior High School,87.35,366,310,84.7,115.8705457,-32.04626472,Government,Co-ed,Secular
2016,16,Scotch College,87.3,161,138,85.71,115.7731945,-31.98113329,Non-government,Boys,Christian
2016,17,Iona Presentation College,86.7,150,109,72.67,115.76773490000002,-32.00852636,Non-government,Girls,Catholic
2016,18,Margaret River Senior High School,86.4,108,48,44.44,115.07467140000001,-33.95431827,Government,Co-ed,Secular
2016,19,Corpus Christi College,86.35,210,134,63.81,115.84290559999998,-32.05699614,Non-government,Co-ed,Catholic
2016,19,Sacred Heart College,86.35,213,161,75.59,115.74656999999999,-31.82737166,Non-government,Co-ed,Catholic
2016,21,Trinity College,85.7,194,157,80.93,115.88257659999998,-31.96013472,Non-government,Boys,Catholic
2016,22,Lake Joondalup Baptist College,85.4,140,100,71.43,115.7614206,-31.73747504,Non-government,Co-ed,Baptist
2016,23,Mercedes College,85.35,153,129,84.31,115.8670832,-31.95623304,Non-government,Girls,Catholic
2016,24,Applecross Senior High School,85.1,237,176,74.26,115.83509,-32.029376,Government,Co-ed,Secular
2016,24,St Stephen's School - Carramar,85.1,102,67,65.69,115.78828,-31.71704,Non-government,Co-ed,Christian
2016,26,All Saints' College,85.0,123,108,87.8,115.867023,-32.04946998,Non-government,Co-ed,Anglican
2016,27,Guildford Grammar School,84.85,111,84,75.68,115.98189199999999,-31.894036,Non-government,Co-ed,Anglican
2016,28,Churchlands Senior High School,84.7,346,271,78.32,115.7899902,-31.91728978,Government,Co-ed,Secular
2016,29,St Mary Mackillop College,84.65,110,66,60.0,115.33025090000001,-33.66260748,Non-government,Co-ed,Catholic
2016,30,St Norbert College,84.55,141,64,45.39,115.94034429999999,-32.00436432,Non-government,Co-ed,Catholic
2016,31,Newman College,84.5,190,142,74.74,115.7873551,-31.9231958,Non-government,Co-ed,Catholic
2016,32,Ursula Frayne Catholic College,84.45,119,84,70.59,115.8990335,-31.97297817,Non-government,Co-ed,Catholic
2016,33,John Calvin Christian College,84.35,51,38,74.51,116.0066034,-32.14876453,Non-government,Co-ed,Christian
2016,34,John Curtin College of the Arts,84.25,200,154,77.0,115.75622379999999,-32.04863279,Government,Co-ed,Secular
2016,35,Eastern Goldfields College,83.8,151,32,21.19,121.47537460000001,-30.75101639,Government,Co-ed,Secular
2016,36,Chisholm Catholic College,83.7,274,192,70.07,115.90056470000002,-31.91151257,Non-government,Co-ed,Catholic
2016,37,Aquinas College,83.4,184,135,73.37,115.86175379999999,-32.02617519,Non-government,Boys,Catholic
2016,38,St Stephen's School - Duncraig,83.15,145,118,81.38,115.7806424,-31.819274800000002,Non-government,Co-ed,Christian
2016,39,St Brigid's College,82.75,98,62,63.27,116.05206640000002,-31.99663035,Non-government,Girls,Catholic
2016,40,Carine Senior High School,82.45,241,121,50.21,115.775848,-31.85299735,Government,Co-ed,Secular
2016,41,Great Southern Grammar,82.25,92,76,82.61,117.9707332,-34.94755539,Non-government,Co-ed,Christian
2016,41,John Paul College,82.25,72,53,73.61,121.47871540000001,-30.76410096,Non-government,Co-ed,Catholic
2016,41,Kennedy Baptist College,82.25,202,131,64.85,115.829647,-32.073356,Non-government,Co-ed,Baptist
2016,44,Carey Baptist College,82.2,140,96,68.57,115.9355423,-32.11159158,Non-government,Co-ed,Christian
2016,45,Woodvale Secondary College,82.15,268,121,45.15,115.7994712,-31.79154969,Government,Co-ed,Secular
2016,46,Bunbury Cathedral Grammar School,82.0,107,99,92.52,115.63864,-33.404668,Non-government,Co-ed,Christian
2016,47,Australian Islamic College - Dianella,81.85,86,68,79.07,115.8744467,-31.90293601,Non-government,Co-ed,Islam
2016,48,Mount Lawley Senior High School,81.65,233,171,73.39,115.8697493,-31.92122258,Government,Co-ed,Secular
2016,49,Wesley College,80.85,155,139,89.68,115.86593400000001,-31.97995555,Non-government,Boys,Christian
2016,50,Christian Brothers' College,80.7,128,78,60.94,115.7533646,-32.05178739,Non-government,Boys,Catholic
2016,51,Como Secondary College,80.6,95,56,58.95,115.8711551,-32.00366439,Government,Co-ed,Secular
2016,52,Melville Senior High School,80.55,141,57,40.43,115.80546129999999,-32.04631125,Government,Co-ed,Secular
2016,53,Sevenoaks Senior College,80.45,140,31,22.14,115.94230520000002,-32.01247925,Government,Co-ed,Secular
2016,54,Cape Naturaliste College,80.3,79,34,43.04,115.24388909999999,-33.67693545,Government,Co-ed,Secular
2016,55,Tranby College,80.2,83,46,55.42,115.8002428,-32.340570299999996,Non-government,Co-ed,Uniting
2016,56,Manea Senior College,80.05,227,83,36.56,115.65679750000001,-33.36775659,Government,Co-ed,Secular
2016,56,Swan Christian College,80.05,182,74,40.66,116.01175330000001,-31.85830659,Non-government,Co-ed,Christian
2016,58,Servite College,79.9,150,80,53.33,115.8336415,-31.90270449,Non-government,Co-ed,Catholic
2016,59,St Mark's Anglican Community School,79.8,171,140,81.87,115.74287279999999,-31.79848743,Non-government,Co-ed,Anglican
2016,60,Kingsway Christian College,79.65,87,75,86.21,115.8374044,-31.81156717,Non-government,Co-ed,Christian
2016,61,Manjimup Senior High School,79.55,104,35,33.65,116.133228,-34.233841999999996,Government,Co-ed,Secular
2016,62,Nagle Catholic College,79.4,151,96,63.58,114.60999309999998,-28.77776964,Non-government,Co-ed,Catholic
2016,63,Prendiville Catholic College,79.3,159,121,76.1,115.7396844,-31.75468355,Non-government,Co-ed,Catholic
2016,64,Leeming Senior High School,79.1,130,64,49.23,115.8564902,-32.07467304,Government,Co-ed,Secular
2016,65,Esperance Senior High School,79.05,130,60,46.15,121.86825800000001,-33.86017872,Government,Co-ed,Secular
2016,66,Duncraig Senior High School,78.95,206,107,51.94,115.767131,-31.82190527,Government,Co-ed,Secular
2016,67,Rehoboth Christian College,78.85,37,22,59.46,115.977924,-32.03161911,Non-government,Co-ed,Christian
2016,68,Kolbe Catholic College,78.8,173,99,57.23,115.75397269999999,-32.27997384,Non-government,Co-ed,Catholic
2016,69,Peter Moyes Anglican Community School,78.45,133,106,79.7,115.7075982,-31.67541576,Non-government,Co-ed,Anglican
2016,70,Balcatta Senior High School,78.2,89,30,33.71,115.8122429,-31.87551716,Government,Co-ed,Secular
2016,70,Providence Christian College,78.2,44,23,52.27,115.93669409999998,-32.09974606,Non-government,Co-ed,Christian
2016,72,Carmel Adventist College,78.15,36,26,72.22,116.09403710000001,-32.01473096,Non-government,Co-ed,Adventist
2016,73,Albany Senior High School,78.05,149,75,50.34,117.8917733,-35.02044765,Government,Co-ed,Secular
2016,74,Swan Valley Anglican Community School,77.65,45,31,68.89,115.98545159999998,-31.79434482,Non-government,Co-ed,Anglican
2016,75,Helena College,77.2,69,60,86.96,116.09143999999999,-31.90747,Government,Co-ed,Secular
2016,76,Mazenod College,76.95,124,83,66.94,116.0388409,-32.006679,Non-government,Boys,Catholic
2016,77,Bunbury Senior High School,76.75,106,39,36.79,115.63260770000001,-33.32746917,Government,Co-ed,Secular
2016,77,Kelmscott Senior High School,76.75,195,69,35.38,116.0110534,-32.12147619,Government,Co-ed,Secular
2016,79,Georgiana Molloy Anglican School,76.35,69,46,66.67,115.3815495,-33.6606425,Non-government,Co-ed,Anglican
2016,80,Frederick Irwin Anglican School,76.3,135,119,88.15,115.75308020000001,-32.50869435,Non-government,Co-ed,Anglican
2016,81,Greenwood College,75.9,118,28,23.73,115.7914439,-31.82628484,Government,Co-ed,Secular
2016,82,Northam Senior High School,75.7,101,27,26.73,116.66764909999999,-31.64725593,Government,Co-ed,Secular
2016,83,Lynwood Senior High School,75.6,255,52,20.39,115.91612959999999,-32.04190909,Government,Co-ed,Secular
2016,84,John Septimus Roe Anglican Community School,75.3,162,118,72.84,115.85670549999999,-31.85936631,Non-government,Co-ed,Anglican
2016,85,Mater Dei College,75.25,157,99,63.06,115.7765193,-31.76466034,Non-government,Co-ed,Catholic
2016,85,Mercy College,75.25,173,93,53.76,115.8575544,-31.84725114,Non-government,Co-ed,Catholic
2016,87,Denmark Senior High School,75.1,54,31,57.41,117.3645842,-34.95741408,Government,Co-ed,Secular
2016,88,La Salle College,74.95,207,97,46.86,116.004411,-31.87856979,Non-government,Co-ed,Catholic
2016,88,Mandurah Catholic College,74.95,160,82,51.25,115.73828600000002,-32.54895945,Non-government,Co-ed,Catholic
2016,90,Mandurah Baptist College,74.6,90,62,68.89,115.76011820000001,-32.47830702,Non-government,Co-ed,Baptist
2016,91,Emmanuel Catholic College,74.4,126,73,57.94,115.84006959999999,-32.12857818,Non-government,Co-ed,Catholic
2016,92,Seton Catholic College,74.35,144,86,59.72,115.7933707,-32.07269529,Non-government,Co-ed,Catholic
2016,93,Bunbury Catholic College,74.05,164,97,59.15,115.6614239,-33.34342203,Non-government,Co-ed,Catholic
2016,94,Lumen Christi College,74.0,129,58,44.96,116.0120135,-32.06737479,Non-government,Co-ed,Catholic
2016,95,Comet Bay College,73.6,233,59,25.32,115.7629996,-32.415805199999994,Government,Co-ed,Secular
2016,95,Living Waters Lutheran College,73.6,80,43,53.75,115.7544169,-32.34307717,Non-government,Co-ed,Lutheran
2016,97,Australind Senior High School,73.55,147,61,41.5,115.7284365,-33.27665965,Government,Co-ed,Secular
2016,97,Morley Senior High School,73.55,125,62,49.6,115.8836692,-31.873716899999998,Government,Co-ed,Secular
2016,99,Geraldton Grammar School,73.45,43,38,88.37,114.621025,-28.76195313,Non-government,Co-ed,Anglican
2016,100,Irene McCormack Catholic College,73.4,132,67,50.76,115.70944899999999,-31.65406275,Non-government,Co-ed,Catholic
2016,101,Ocean Reef Senior High School,73.3,218,88,40.37,115.7389749,-31.75879833,Government,Co-ed,Secular
2016,102,Lesmurdie Senior High School,73.2,157,88,56.05,116.05164309999999,-32.01252075,Government,Co-ed,Secular
2016,103,Broome Senior High School,73.1,86,36,41.86,122.23232639999999,-17.95614273,Government,Co-ed,Secular
2016,104,Busselton Senior High School,73.0,76,21,27.63,115.3250971,-33.657577200000006,Government,Co-ed,Secular
2016,105,Ellenbrook Secondary College,72.35,173,55,31.79,115.9642807,-31.78554916,Government,Co-ed,Secular
2016,106,Ashdale Secondary College,71.85,207,87,42.03,115.84149520000001,-31.81162275,Government,Co-ed,Secular
2016,107,Geraldton Senior High School,71.8,227,54,23.79,114.61170919999999,-28.78068474,Government,Co-ed,Secular
2016,108,Langford Islamic College,71.7,31,22,70.97,115.9371583,-32.04605574,Non-government,Co-ed,Islam
2016,109,John Forrest Secondary College,71.55,140,52,37.14,115.90088999999999,-31.90416352,Government,Co-ed,Secular
2016,110,Darling Range Sports College,71.2,120,28,23.33,116.01085970000001,-31.97566063,Government,Co-ed,Secular
2016,110,Kalamunda Senior High School,71.2,140,62,44.29,116.0561861,-31.97788079,Government,Co-ed,Secular
2016,112,Dalyellup College,70.7,88,34,38.64,115.62576729999999,-33.40385496,Government,Co-ed,Secular
2016,113,Canning Vale College,70.2,218,94,43.12,115.9227838,-32.08291838,Government,Co-ed,Secular
2016,114,Collie Senior High School,69.9,63,20,31.75,116.156535,-33.36307,Government,Co-ed,Secular
2016,115,Mindarie Senior College,69.45,425,151,35.53,115.7060496,-31.6769792,Non-government,Co-ed,Catholic
2016,116,Karratha Senior High School,69.4,83,21,25.3,116.8241249,-20.74695822,Government,Co-ed,Secular
2016,117,Grace Christian School,68.85,30,20,66.67,115.68107590000001,-33.33832794,Non-government,Co-ed,Christian
2016,117,John Wollaston Anglican Community School,68.85,73,39,53.42,116.007834,-32.104726,Non-government,Co-ed,Anglican
2016,119,Belridge Secondary College,68.75,129,42,32.56,115.76317590000001,-31.77038385,Government,Co-ed,Secular
2016,120,Hedland Senior High School,68.5,88,24,27.27,118.59861599999999,-20.39878872,Government,Co-ed,Secular
2016,121,Hampton Senior High School,67.75,95,25,26.32,115.92693,-31.89085713,Government,Co-ed,Secular
2016,122,St Luke's College,67.7,54,30,55.56,116.81744579999999,-20.75172597,Non-government,Co-ed,Catholic
2016,123,Safety Bay Senior High School,67.65,146,23,15.75,115.74096409999999,-32.30328609,Government,Co-ed,Secular
2016,124,Eastern Hills Senior High School,66.95,114,41,35.96,116.2200892,-31.87396818,Government,Co-ed,Secular
2016,125,Narrogin Senior High School,66.85,87,32,36.78,117.1914239,-32.93810289,Government,Co-ed,Secular
2016,126,Kent Street Senior High School,66.35,124,62,50.0,115.8926602,-31.98570399,Government,Co-ed,Secular
2016,127,Aranmore Catholic College,65.7,83,45,54.22,115.8431695,-31.92706854,Non-government,Co-ed,Catholic
2016,128,Wanneroo Secondary College,65.25,143,47,32.87,115.81513329999999,-31.7578766,Government,Co-ed,Secular
2016,129,Ballajura Community College,65.1,262,118,45.04,115.8934345,-31.84474671,Government,Co-ed,Secular
2016,130,Woodthorpe School,64.35,38,24,63.16,115.90172,-32.05654,Non-government,Co-ed,Brethren Christian
2016,131,Quinns Baptist College,63.65,70,46,65.71,115.71019640000002,-31.67618587,Non-government,Co-ed,Baptist
2016,132,Clarkson Community High School,63.15,106,24,22.64,115.72672720000001,-31.67744562,Government,Co-ed,Secular
2016,133,Atwell College,62.9,159,43,27.04,115.86414620000001,-32.14395682,Government,Co-ed,Secular
2016,134,Halls Head College,62.3,134,33,24.63,115.69424040000001,-32.55444963,Government,Co-ed,Secular
2016,135,Rockingham Senior High School,61.5,110,26,23.64,115.7355203,-32.28495172,Government,Co-ed,Secular
2016,136,Ellenbrook Christian College,60.75,46,29,63.04,115.95917800000001,-31.786783000000003,Non-government,Co-ed,Christian
2016,137,Pinjarra Senior High School,60.6,91,20,21.98,115.8726662,-32.63343063,Government,Co-ed,Secular
2016,138,John Tonkin College,59.65,113,30,26.55,115.756358,-32.51758689,Government,Co-ed,Secular
2016,139,Thornlie Senior High School,58.45,125,35,28.0,115.95964099999999,-32.06627622,Government,Co-ed,Secular
2016,140,Lakeland Senior High School,57.7,89,27,30.34,115.84591370000001,-32.10905514,Government,Co-ed,Secular
2016,141,Newton Moore Senior High School,56.95,90,35,38.89,115.63542140000001,-33.359211,Government,Co-ed,Secular
2016,142,Foundation Christian College,50.65,35,26,74.29,115.76228880000001,-32.52931617,Non-government,Co-ed,Christian
2016,143,Warnbro Community High School,45.3,171,48,28.07,115.75909640000002,-32.34556923,Government,Co-ed,Secular
2017,1,Perth Modern School,95.9,223,222,99.55,115.83639579999999,-31.94506602,Government,Co-ed,Secular
2017,2,St Hilda's Anglican School for Girls,93.6,142,133,93.66,115.767812,-32.005047,Non-government,Girls,Anglican
2017,3,Christ Church Grammar School,92.45,182,159,87.36,115.7769868,-31.98546117,Non-government,Boys,Anglican
2017,4,Penrhos College,91.2,139,119,85.61,115.87253940000001,-31.99743072,Non-government,Girls,Uniting
2017,5,St Mary's Anglican Girls' School,90.95,174,157,90.23,115.766244,-31.87697112,Non-government,Girls,Anglican
2017,6,Santa Maria College,89.9,166,125,75.3,115.795823,-32.018614,Non-government,Girls,Catholic
2017,7,John XXIII College,89.8,161,140,86.96,115.78479879999999,-31.9599189,Non-government,Co-ed,Catholic
2017,8,Manjimup Senior High School,89.6,94,28,29.79,116.133228,-34.233841999999996,Government,Co-ed,Secular
2017,8,Presbyterian Ladies' College,89.6,116,111,95.69,115.76490600000001,-31.993592,Non-government,Girls,Uniting
2017,10,Carmel School,89.55,38,34,89.47,115.86207490000001,-31.89910743,Non-government,Co-ed,Jewish
2017,11,Perth College,89.45,137,120,87.59,115.87548090000001,-31.93117853,Non-government,Girls,Catholic
2017,12,Hale School,89.3,187,172,91.98,115.7837828,-31.91232249,Non-government,Boys,Anglican
2017,13,Willetton Senior High School,89.15,395,272,68.86,115.8792246,-32.06131317,Government,Co-ed,Secular
2017,14,Iona Presentation College,89.1,149,115,77.18,115.76773490000002,-32.00852636,Non-government,Girls,Catholic
2017,15,Rossmoyne Senior High School,88.95,349,288,82.52,115.8705457,-32.04626472,Government,Co-ed,Secular
2017,16,Shenton College,88.8,287,211,73.52,115.803008,-31.95969986,Government,Co-ed,Secular
2017,17,All Saints' College,88.65,131,120,91.6,115.867023,-32.04946998,Non-government,Co-ed,Anglican
2017,18,St Norbert College,87.6,126,51,40.48,115.94034429999999,-32.00436432,Non-government,Co-ed,Catholic
2017,19,Methodist Ladies' College,87.5,143,137,95.8,115.77554029999999,-31.98701169,Non-government,Girls,Methodist
2017,20,John Calvin Christian College,87.35,42,31,73.81,116.0066034,-32.14876453,Non-government,Co-ed,Christian
2017,21,Ursula Frayne Catholic College,87.0,145,89,61.38,115.8990335,-31.97297817,Non-government,Co-ed,Catholic
2017,22,Trinity College,86.65,182,131,71.98,115.88257659999998,-31.96013472,Non-government,Boys,Catholic
2017,23,Churchlands Senior High School,86.6,336,226,67.26,115.7899902,-31.91728978,Government,Co-ed,Secular
2017,24,Sacred Heart College,86.45,227,155,68.28,115.74656999999999,-31.82737166,Non-government,Co-ed,Catholic
2017,25,Applecross Senior High School,86.15,229,158,69.0,115.83509,-32.029376,Government,Co-ed,Secular
2017,26,Swan Valley Anglican Community School,85.95,61,29,47.54,115.98545159999998,-31.79434482,Non-government,Co-ed,Anglican
2017,27,Scotch College,85.8,184,159,86.41,115.7731945,-31.98113329,Non-government,Boys,Christian
2017,28,Lynwood Senior High School,85.7,225,41,18.22,115.91612959999999,-32.04190909,Government,Co-ed,Secular
2017,29,John Curtin College of the Arts,85.15,220,170,77.27,115.75622379999999,-32.04863279,Government,Co-ed,Secular
2017,30,Great Southern Grammar,85.0,83,59,71.08,117.9707332,-34.94755539,Non-government,Co-ed,Christian
2017,31,Bunbury Cathedral Grammar School,84.9,93,78,83.87,115.63864,-33.404668,Non-government,Co-ed,Christian
2017,32,Wesley College,84.85,156,124,79.49,115.86593400000001,-31.97995555,Non-government,Boys,Christian
2017,33,Mercedes College,84.3,151,130,86.09,115.8670832,-31.95623304,Non-government,Girls,Catholic
2017,34,Chisholm Catholic College,84.1,295,187,63.39,115.90056470000002,-31.91151257,Non-government,Co-ed,Catholic
2017,35,Kolbe Catholic College,83.75,168,75,44.64,115.75397269999999,-32.27997384,Non-government,Co-ed,Catholic
2017,36,Greenwood College,83.55,124,31,25.0,115.7914439,-31.82628484,Government,Co-ed,Secular
2017,37,Duncraig Senior High School,83.45,189,92,48.68,115.767131,-31.82190527,Government,Co-ed,Secular
2017,38,Carine Senior High School,83.2,185,102,55.14,115.775848,-31.85299735,Government,Co-ed,Secular
2017,39,St Mark's Anglican Community School,83.1,163,124,76.07,115.74287279999999,-31.79848743,Non-government,Co-ed,Anglican
2017,40,Corpus Christi College,82.85,207,146,70.53,115.84290559999998,-32.05699614,Non-government,Co-ed,Catholic
2017,41,Lake Joondalup Baptist College,82.6,137,92,67.15,115.7614206,-31.73747504,Non-government,Co-ed,Baptist
2017,42,Georgiana Molloy Anglican School,82.4,69,45,65.22,115.3815495,-33.6606425,Non-government,Co-ed,Anglican
2017,43,Woodvale Secondary College,82.3,219,99,45.21,115.7994712,-31.79154969,Government,Co-ed,Secular
2017,44,Christian Brothers' College,82.15,129,72,55.81,115.7533646,-32.05178739,Non-government,Boys,Catholic
2017,45,Cape Naturaliste College,82.0,74,28,37.84,115.24388909999999,-33.67693545,Government,Co-ed,Secular
2017,45,Prendiville Catholic College,82.0,158,107,67.72,115.7396844,-31.75468355,Non-government,Co-ed,Catholic
2017,47,Swan Christian College,81.85,173,79,45.66,116.01175330000001,-31.85830659,Non-government,Co-ed,Christian
2017,48,Denmark Senior High School,81.55,44,22,50.0,117.3645842,-34.95741408,Government,Co-ed,Secular
2017,48,John Septimus Roe Anglican Community School,81.55,166,111,66.87,115.85670549999999,-31.85936631,Non-government,Co-ed,Anglican
2017,50,Ocean Reef Senior High School,81.4,152,56,36.84,115.7389749,-31.75879833,Government,Co-ed,Secular
2017,51,Bunbury Catholic College,81.2,193,100,51.81,115.6614239,-33.34342203,Non-government,Co-ed,Catholic
2017,52,Aquinas College,80.85,175,124,70.86,115.86175379999999,-32.02617519,Non-government,Boys,Catholic
2017,52,Guildford Grammar School,80.85,107,83,77.57,115.98189199999999,-31.894036,Non-government,Co-ed,Anglican
2017,52,Mazenod College,80.85,125,73,58.4,116.0388409,-32.006679,Non-government,Boys,Catholic
2017,55,Margaret River Senior High School,80.75,105,49,46.67,115.07467140000001,-33.95431827,Government,Co-ed,Secular
2017,56,Ashdale Secondary College,80.65,205,76,37.07,115.84149520000001,-31.81162275,Government,Co-ed,Secular
2017,56,John Wollaston Anglican Community School,80.65,61,29,47.54,116.007834,-32.104726,Non-government,Co-ed,Anglican
2017,56,Tranby College,80.65,92,43,46.74,115.8002428,-32.340570299999996,Non-government,Co-ed,Uniting
2017,59,Melville Senior High School,80.6,176,87,49.43,115.80546129999999,-32.04631125,Government,Co-ed,Secular
2017,60,Esperance Senior High School,80.55,125,35,28.0,121.86825800000001,-33.86017872,Government,Co-ed,Secular
2017,61,Peter Carnley Anglican Community School,80.45,47,26,55.32,115.8149145,-32.25710348,Non-government,Co-ed,Anglican
2017,62,Servite College,80.1,127,80,62.99,115.8336415,-31.90270449,Non-government,Co-ed,Catholic
2017,63,Broome Senior High School,80.05,101,41,40.59,122.23232639999999,-17.95614273,Government,Co-ed,Secular
2017,64,Frederick Irwin Anglican School,80.0,155,130,83.87,115.75308020000001,-32.50869435,Non-government,Co-ed,Anglican
2017,65,Comet Bay College,79.9,212,54,25.47,115.7629996,-32.415805199999994,Government,Co-ed,Secular
2017,65,Mandurah Catholic College,79.9,170,91,53.53,115.73828600000002,-32.54895945,Non-government,Co-ed,Catholic
2017,67,Kennedy Baptist College,79.6,183,110,60.11,115.829647,-32.073356,Non-government,Co-ed,Baptist
2017,68,St Joseph's College,79.55,32,21,65.63,117.902192,-34.997944,Non-government,Co-ed,Catholic
2017,69,La Salle College,79.5,206,93,45.15,116.004411,-31.87856979,Non-government,Co-ed,Catholic
2017,70,Mount Lawley Senior High School,79.45,225,160,71.11,115.8697493,-31.92122258,Government,Co-ed,Secular
2017,71,Lesmurdie Senior High School,79.35,177,88,49.72,116.05164309999999,-32.01252075,Government,Co-ed,Secular
2017,72,St Brigid's College,79.3,101,61,60.4,116.05206640000002,-31.99663035,Non-government,Girls,Catholic
2017,73,Carey Baptist College,79.25,120,79,65.83,115.9355423,-32.11159158,Non-government,Co-ed,Christian
2017,74,Kingsway Christian College,79.2,92,79,85.87,115.8374044,-31.81156717,Non-government,Co-ed,Christian
2017,74,Providence Christian College,79.2,76,33,43.42,115.93669409999998,-32.09974606,Non-government,Co-ed,Christian
2017,76,Ellenbrook Secondary College,79.1,162,22,13.58,115.9642807,-31.78554916,Government,Co-ed,Secular
2017,77,Newman College,79.0,158,107,67.72,115.7873551,-31.9231958,Non-government,Co-ed,Catholic
2017,77,St Stephen's School - Carramar,79.0,94,59,62.77,115.78828,-31.71704,Non-government,Co-ed,Christian
2017,79,Leeming Senior High School,78.8,138,62,44.93,115.8564902,-32.07467304,Government,Co-ed,Secular
2017,80,Canning Vale College,78.6,254,95,37.4,115.9227838,-32.08291838,Government,Co-ed,Secular
2017,80,Nagle Catholic College,78.6,164,82,50.0,114.60999309999998,-28.77776964,Non-government,Co-ed,Catholic
2017,82,Governor Stirling Senior High School,78.1,134,42,31.34,115.98880559999999,-31.88893826,Government,Co-ed,Secular
2017,83,Albany Senior High School,77.75,138,80,57.97,117.8917733,-35.02044765,Government,Co-ed,Secular
2017,83,Aranmore Catholic College,77.75,93,38,40.86,115.8431695,-31.92706854,Non-government,Co-ed,Catholic
2017,85,St Stephen's School - Duncraig,77.4,123,111,90.24,115.7806424,-31.819274800000002,Non-government,Co-ed,Christian
2017,86,Seton Catholic College,77.15,163,95,58.28,115.7933707,-32.07269529,Non-government,Co-ed,Catholic
2017,87,John Tonkin College,76.95,105,23,21.9,115.756358,-32.51758689,Government,Co-ed,Secular
2017,88,Manea Senior College,76.85,248,119,47.98,115.65679750000001,-33.36775659,Government,Co-ed,Secular
2017,89,Bunbury Senior High School,76.7,102,49,48.04,115.63260770000001,-33.32746917,Government,Co-ed,Secular
2017,89,Mercy College,76.7,181,96,53.04,115.8575544,-31.84725114,Non-government,Co-ed,Catholic
2017,91,Eastern Hills Senior High School,76.65,98,32,32.65,116.2200892,-31.87396818,Government,Co-ed,Secular
2017,92,Eastern Goldfields College,76.6,181,48,26.52,121.47537460000001,-30.75101639,Government,Co-ed,Secular
2017,93,Australind Senior High School,76.55,164,69,42.07,115.7284365,-33.27665965,Government,Co-ed,Secular
2017,94,North Albany Senior High School,76.05,80,25,31.25,117.86686740000002,-34.99074882,Government,Co-ed,Secular
2017,94,St Mary Mackillop College,76.05,90,66,73.33,115.33025090000001,-33.66260748,Non-government,Co-ed,Catholic
2017,96,Peter Moyes Anglican Community School,75.9,122,89,72.95,115.7075982,-31.67541576,Non-government,Co-ed,Anglican
2017,97,Rehoboth Christian College,75.75,29,21,72.41,115.977924,-32.03161911,Non-government,Co-ed,Christian
2017,98,Kalamunda Senior High School,75.55,151,59,39.07,116.0561861,-31.97788079,Government,Co-ed,Secular
2017,99,Helena College,75.3,84,67,79.76,116.09143999999999,-31.90747,Government,Co-ed,Secular
2017,100,Living Waters Lutheran College,74.75,58,28,48.28,115.7544169,-32.34307717,Non-government,Co-ed,Lutheran
2017,101,Irene McCormack Catholic College,74.35,99,45,45.45,115.70944899999999,-31.65406275,Non-government,Co-ed,Catholic
2017,102,Morley Senior High School,74.25,183,108,59.02,115.8836692,-31.873716899999998,Government,Co-ed,Secular
2017,103,Como Secondary College,73.6,106,63,59.43,115.8711551,-32.00366439,Government,Co-ed,Secular
2017,104,John Paul College,73.4,58,40,68.97,121.47871540000001,-30.76410096,Non-government,Co-ed,Catholic
2017,105,Australian Islamic College - Kewdale,73.1,107,74,69.16,115.9325273,-31.97999061,Non-government,Co-ed,Islam
2017,106,Mandurah Baptist College,72.95,113,71,62.83,115.76011820000001,-32.47830702,Non-government,Co-ed,Baptist
2017,107,Atwell College,72.75,149,27,18.12,115.86414620000001,-32.14395682,Government,Co-ed,Secular
2017,107,Emmanuel Catholic College,72.75,125,60,48.0,115.84006959999999,-32.12857818,Non-government,Co-ed,Catholic
2017,109,Narrogin Senior High School,72.5,103,40,38.83,117.1914239,-32.93810289,Government,Co-ed,Secular
2017,110,Ellenbrook Christian College,72.2,55,29,52.73,115.95917800000001,-31.786783000000003,Non-government,Co-ed,Christian
2017,111,Geraldton Grammar School,71.9,39,24,61.54,114.621025,-28.76195313,Non-government,Co-ed,Anglican
2017,112,Warwick Senior High School,71.7,97,30,30.93,115.8154291,-31.83867535,Government,Co-ed,Secular
2017,113,Lumen Christi College,71.05,167,75,44.91,116.0120135,-32.06737479,Non-government,Co-ed,Catholic
2017,114,Langford Islamic College,70.8,35,24,68.57,115.9371583,-32.04605574,Non-government,Co-ed,Islam
2017,115,Mater Dei College,70.75,136,92,67.65,115.7765193,-31.76466034,Non-government,Co-ed,Catholic
2017,116,Sevenoaks Senior College,70.35,194,42,21.65,115.94230520000002,-32.01247925,Government,Co-ed,Secular
2017,117,St Andrew's Grammar,69.95,28,20,71.43,115.8741054,-31.87118268,Non-government,Co-ed,Greek Orthodox
2017,118,Geraldton Senior High School,69.9,219,36,16.44,114.61170919999999,-28.78068474,Government,Co-ed,Secular
2017,119,Newton Moore Senior High School,69.7,84,20,23.81,115.63542140000001,-33.359211,Government,Co-ed,Secular
2017,120,Kelmscott Senior High School,69.6,193,69,35.75,116.0110534,-32.12147619,Government,Co-ed,Secular
2017,121,Balcatta Senior High School,69.0,90,39,43.33,115.8122429,-31.87551716,Government,Co-ed,Secular
2017,122,Mindarie Senior College,68.9,380,133,35.0,115.7060496,-31.6769792,Non-government,Co-ed,Catholic
2017,123,Woodthorpe School,68.7,34,23,67.65,115.90172,-32.05654,Non-government,Co-ed,Brethren Christian
2017,124,Court Grammar School,68.4,55,31,56.36,115.99128059999998,-32.26965841,Non-government,Co-ed,Anglican
2017,125,Northam Senior High School,68.05,89,35,39.33,116.66764909999999,-31.64725593,Government,Co-ed,Secular
2017,126,John Forrest Secondary College,67.0,143,55,38.46,115.90088999999999,-31.90416352,Government,Co-ed,Secular
2017,127,Baldivis Secondary College,66.9,206,59,28.64,115.828418,-32.334099,Government,Co-ed,Secular
2017,127,Belridge Secondary College,66.9,127,33,25.98,115.76317590000001,-31.77038385,Government,Co-ed,Secular
2017,129,Quinns Baptist College,66.6,53,32,60.38,115.71019640000002,-31.67618587,Non-government,Co-ed,Baptist
2017,130,Dalyellup College,65.05,74,20,27.03,115.62576729999999,-33.40385496,Government,Co-ed,Secular
2017,131,Kent Street Senior High School,63.9,129,60,46.51,115.8926602,-31.98570399,Government,Co-ed,Secular
2017,132,Karratha Senior High School,63.7,126,23,18.25,116.8241249,-20.74695822,Government,Co-ed,Secular
2017,133,Ballajura Community College,63.4,210,77,36.67,115.8934345,-31.84474671,Government,Co-ed,Secular
2017,134,Lakeland Senior High School,61.35,97,32,32.99,115.84591370000001,-32.10905514,Government,Co-ed,Secular
2017,135,Halls Head College,61.15,183,55,30.05,115.69424040000001,-32.55444963,Government,Co-ed,Secular
2017,136,Hampton Senior High School,60.35,120,36,30.0,115.92693,-31.89085713,Government,Co-ed,Secular
2017,137,Darling Range Sports College,60.3,115,22,19.13,116.01085970000001,-31.97566063,Government,Co-ed,Secular
2017,138,Busselton Senior High School,59.9,88,28,31.82,115.3250971,-33.657577200000006,Government,Co-ed,Secular
2017,139,Wanneroo Secondary College,59.75,197,61,30.96,115.81513329999999,-31.7578766,Government,Co-ed,Secular
2017,140,Thornlie Senior High School,59.7,139,38,27.34,115.95964099999999,-32.06627622,Government,Co-ed,Secular
2017,141,Dianella Secondary College,58.55,75,26,34.67,115.8549027,-31.87818209,Government,Co-ed,Secular
2017,142,Butler College,57.25,214,71,33.18,115.70870079999999,-31.65166367,Government,Co-ed,Secular
2017,143,Warnbro Community High School,56.35,99,21,21.21,115.75909640000002,-32.34556923,Government,Co-ed,Secular
2017,144,Safety Bay Senior High School,56.05,130,31,23.85,115.74096409999999,-32.30328609,Government,Co-ed,Secular
2017,145,Southern River College,55.4,96,24,25.0,115.979918,-32.08559751,Government,Co-ed,Secular
2017,146,Hedland Senior High School,52.45,90,29,32.22,118.59861599999999,-20.39878872,Government,Co-ed,Secular
2018,1,Perth Modern School,97.0,240,236,98.33,115.83639579999999,-31.94506602,Government,Co-ed,Secular
2018,2,Carmel School,92.6,33,31,93.94,115.86207490000001,-31.89910743,Non-government,Co-ed,Jewish
2018,3,St Mary's Anglican Girls' School,92.1,175,150,85.71,115.766244,-31.87697112,Non-government,Girls,Anglican
2018,4,Methodist Ladies' College,92.0,139,133,95.68,115.77554029999999,-31.98701169,Non-government,Girls,Methodist
2018,5,St Hilda's Anglican School for Girls,91.65,141,135,95.74,115.767812,-32.005047,Non-government,Girls,Anglican
2018,6,Christ Church Grammar School,91.6,181,163,90.06,115.7769868,-31.98546117,Non-government,Boys,Anglican
2018,7,Santa Maria College,90.1,177,139,78.53,115.795823,-32.018614,Non-government,Girls,Catholic
2018,8,Rossmoyne Senior High School,89.45,349,288,82.52,115.8705457,-32.04626472,Government,Co-ed,Secular
2018,9,Hale School,89.4,204,187,91.67,115.7837828,-31.91232249,Non-government,Boys,Anglican
2018,10,Wesley College,88.8,159,121,76.1,115.86593400000001,-31.97995555,Non-government,Boys,Christian
2018,11,Penrhos College,88.15,152,137,90.13,115.87253940000001,-31.99743072,Non-government,Girls,Uniting
2018,12,Perth College,88.1,137,121,88.32,115.87548090000001,-31.93117853,Non-government,Girls,Catholic
2018,12,Shenton College,88.1,292,216,73.97,115.803008,-31.95969986,Government,Co-ed,Secular
2018,14,Scotch College,88.0,161,133,82.61,115.7731945,-31.98113329,Non-government,Boys,Christian
2018,15,Ursula Frayne Catholic College,87.8,107,66,61.68,115.8990335,-31.97297817,Non-government,Co-ed,Catholic
2018,15,Willetton Senior High School,87.8,367,293,79.84,115.8792246,-32.06131317,Government,Co-ed,Secular
2018,17,All Saints' College,87.45,140,128,91.43,115.867023,-32.04946998,Non-government,Co-ed,Anglican
2018,17,John XXIII College,87.45,150,121,80.67,115.78479879999999,-31.9599189,Non-government,Co-ed,Catholic
2018,19,Iona Presentation College,87.2,146,105,71.92,115.76773490000002,-32.00852636,Non-government,Girls,Catholic
2018,20,Presbyterian Ladies' College,86.9,127,115,90.55,115.76490600000001,-31.993592,Non-government,Girls,Uniting
2018,21,Servite College,86.65,146,47,32.19,115.8336415,-31.90270449,Non-government,Co-ed,Catholic
2018,22,Trinity College,86.5,187,141,75.4,115.88257659999998,-31.96013472,Non-government,Boys,Catholic
2018,23,John Wollaston Anglican Community School,85.65,59,32,54.24,116.007834,-32.104726,Non-government,Co-ed,Anglican
2018,24,Applecross Senior High School,85.6,231,170,73.59,115.83509,-32.029376,Government,Co-ed,Secular
2018,24,Sacred Heart College,85.6,222,155,69.82,115.74656999999999,-31.82737166,Non-government,Co-ed,Catholic
2018,26,John Curtin College of the Arts,85.25,230,161,70.0,115.75622379999999,-32.04863279,Government,Co-ed,Secular
2018,26,St Mark's Anglican Community School,85.25,151,126,83.44,115.74287279999999,-31.79848743,Non-government,Co-ed,Anglican
2018,28,Geraldton Grammar School,85.15,51,31,60.78,114.621025,-28.76195313,Non-government,Co-ed,Anglican
2018,29,Churchlands Senior High School,85.05,352,250,71.02,115.7899902,-31.91728978,Government,Co-ed,Secular
2018,30,Australian Islamic College - Kewdale,84.85,96,50,52.08,115.9325273,-31.97999061,Non-government,Co-ed,Islam
2018,31,Mazenod College,84.65,124,73,58.87,116.0388409,-32.006679,Non-government,Boys,Catholic
2018,32,Prendiville Catholic College,84.6,149,88,59.06,115.7396844,-31.75468355,Non-government,Co-ed,Catholic
2018,33,Greenwood College,84.55,158,56,35.44,115.7914439,-31.82628484,Government,Co-ed,Secular
2018,34,Newman College,84.4,170,133,78.24,115.7873551,-31.9231958,Non-government,Co-ed,Catholic
2018,34,St Stephen's School - Carramar,84.4,97,49,50.52,115.78828,-31.71704,Non-government,Co-ed,Christian
2018,36,Melville Senior High School,84.1,182,85,46.7,115.80546129999999,-32.04631125,Government,Co-ed,Secular
2018,37,Mercedes College,84.0,163,128,78.53,115.8670832,-31.95623304,Non-government,Girls,Catholic
2018,38,Bunbury Senior High School,83.95,115,56,48.7,115.63260770000001,-33.32746917,Government,Co-ed,Secular
2018,39,Denmark Senior High School,83.55,51,34,66.67,117.3645842,-34.95741408,Government,Co-ed,Secular
2018,40,Aquinas College,83.25,174,122,70.11,115.86175379999999,-32.02617519,Non-government,Boys,Catholic
2018,41,Carine Senior High School,83.2,204,104,50.98,115.775848,-31.85299735,Government,Co-ed,Secular
2018,42,St Norbert College,83.0,122,39,31.97,115.94034429999999,-32.00436432,Non-government,Co-ed,Catholic
2018,43,Chisholm Catholic College,82.95,257,170,66.15,115.90056470000002,-31.91151257,Non-government,Co-ed,Catholic
2018,44,Corpus Christi College,82.9,198,154,77.78,115.84290559999998,-32.05699614,Non-government,Co-ed,Catholic
2018,44,Lake Joondalup Baptist College,82.9,123,82,66.67,115.7614206,-31.73747504,Non-government,Co-ed,Baptist
2018,46,Kennedy Baptist College,82.85,162,108,66.67,115.829647,-32.073356,Non-government,Co-ed,Baptist
2018,47,Woodvale Secondary College,82.8,191,84,43.98,115.7994712,-31.79154969,Government,Co-ed,Secular
2018,48,Guildford Grammar School,82.65,123,101,82.11,115.98189199999999,-31.894036,Non-government,Co-ed,Anglican
2018,49,Margaret River Senior High School,82.45,131,66,50.38,115.07467140000001,-33.95431827,Government,Co-ed,Secular
2018,50,Australind Senior High School,82.15,140,45,32.14,115.7284365,-33.27665965,Government,Co-ed,Secular
2018,51,Mercy College,82.1,170,73,42.94,115.8575544,-31.84725114,Non-government,Co-ed,Catholic
2018,52,Christian Brothers' College,81.85,128,74,57.81,115.7533646,-32.05178739,Non-government,Boys,Catholic
2018,53,John Calvin Christian College,81.75,63,40,63.49,116.0066034,-32.14876453,Non-government,Co-ed,Christian
2018,54,Esperance Senior High School,81.25,110,43,39.09,121.86825800000001,-33.86017872,Government,Co-ed,Secular
2018,55,Leeming Senior High School,81.05,164,73,44.51,115.8564902,-32.07467304,Government,Co-ed,Secular
2018,56,Lesmurdie Senior High School,80.8,160,72,45.0,116.05164309999999,-32.01252075,Government,Co-ed,Secular
2018,57,Duncraig Senior High School,80.7,184,98,53.26,115.767131,-31.82190527,Government,Co-ed,Secular
2018,58,Peter Moyes Anglican Community School,80.65,123,89,72.36,115.7075982,-31.67541576,Non-government,Co-ed,Anglican
2018,59,Great Southern Grammar,80.6,86,67,77.91,117.9707332,-34.94755539,Non-government,Co-ed,Christian
2018,59,Mount Lawley Senior High School,80.6,240,170,70.83,115.8697493,-31.92122258,Government,Co-ed,Secular
2018,61,Lynwood Senior High School,80.55,229,29,12.66,115.91612959999999,-32.04190909,Government,Co-ed,Secular
2018,62,Frederick Irwin Anglican School,80.4,139,108,77.7,115.75308020000001,-32.50869435,Non-government,Co-ed,Anglican
2018,62,Helena College,80.4,81,69,85.19,116.09143999999999,-31.90747,Government,Co-ed,Secular
2018,64,Swan Valley Anglican Community School,80.35,61,35,57.38,115.98545159999998,-31.79434482,Non-government,Co-ed,Anglican
2018,65,Governor Stirling Senior High School,80.2,97,24,24.74,115.98880559999999,-31.88893826,Government,Co-ed,Secular
2018,66,Manea Senior College,80.05,223,99,44.39,115.65679750000001,-33.36775659,Government,Co-ed,Secular
2018,67,Ashdale Secondary College,79.95,241,76,31.54,115.84149520000001,-31.81162275,Government,Co-ed,Secular
2018,68,Manjimup Senior High School,79.85,85,23,27.06,116.133228,-34.233841999999996,Government,Co-ed,Secular
2018,69,Carey Baptist College,79.65,138,73,52.9,115.9355423,-32.11159158,Non-government,Co-ed,Christian
2018,69,John Septimus Roe Anglican Community School,79.65,160,105,65.63,115.85670549999999,-31.85936631,Non-government,Co-ed,Anglican
2018,69,Mandurah Catholic College,79.65,184,72,39.13,115.73828600000002,-32.54895945,Non-government,Co-ed,Catholic
2018,72,Bunbury Catholic College,79.55,171,92,53.8,115.6614239,-33.34342203,Non-government,Co-ed,Catholic
2018,73,Irene McCormack Catholic College,79.45,98,54,55.1,115.70944899999999,-31.65406275,Non-government,Co-ed,Catholic
2018,74,Kolbe Catholic College,79.35,155,71,45.81,115.75397269999999,-32.27997384,Non-government,Co-ed,Catholic
2018,75,Nagle Catholic College,79.25,175,80,45.71,114.60999309999998,-28.77776964,Non-government,Co-ed,Catholic
2018,76,Swan Christian College,79.05,180,82,45.56,116.01175330000001,-31.85830659,Non-government,Co-ed,Christian
2018,77,Busselton Senior High School,78.95,85,24,28.24,115.3250971,-33.657577200000006,Government,Co-ed,Secular
2018,78,La Salle College,78.9,212,82,38.68,116.004411,-31.87856979,Non-government,Co-ed,Catholic
2018,79,St Mary Mackillop College,78.75,95,56,58.95,115.33025090000001,-33.66260748,Non-government,Co-ed,Catholic
2018,80,Seton Catholic College,78.4,143,69,48.25,115.7933707,-32.07269529,Non-government,Co-ed,Catholic
2018,81,Kelmscott Senior High School,77.9,199,67,33.67,116.0110534,-32.12147619,Government,Co-ed,Secular
2018,82,John Forrest Secondary College,77.85,157,47,29.94,115.90088999999999,-31.90416352,Government,Co-ed,Secular
2018,83,St Brigid's College,77.75,85,58,68.24,116.05206640000002,-31.99663035,Non-government,Girls,Catholic
2018,83,St Joseph's College,77.75,36,24,66.67,117.902192,-34.997944,Non-government,Co-ed,Catholic
2018,85,Holy Cross College,77.6,53,28,52.83,115.973832,-31.773096999999996,Non-government,Co-ed,Catholic
2018,86,Living Waters Lutheran College,77.4,65,34,52.31,115.7544169,-32.34307717,Non-government,Co-ed,Lutheran
2018,87,Cape Naturaliste College,77.35,90,22,24.44,115.24388909999999,-33.67693545,Government,Co-ed,Secular
2018,88,Langford Islamic College,77.3,37,28,75.68,115.9371583,-32.04605574,Non-government,Co-ed,Islam
2018,89,Como Secondary College,76.7,118,77,65.25,115.8711551,-32.00366439,Government,Co-ed,Secular
2018,90,Kingsway Christian College,76.55,104,87,83.65,115.8374044,-31.81156717,Non-government,Co-ed,Christian
2018,91,Kearnan College,76.5,29,20,68.97,116.1416408,-34.24140477,Non-government,Co-ed,Catholic
2018,92,Georgiana Molloy Anglican School,76.45,57,37,64.91,115.3815495,-33.6606425,Non-government,Co-ed,Anglican
2018,92,Quinns Baptist College,76.45,58,34,58.62,115.71019640000002,-31.67618587,Non-government,Co-ed,Baptist
2018,94,Comet Bay College,76.35,215,53,24.65,115.7629996,-32.415805199999994,Government,Co-ed,Secular
2018,95,St Stephen's School - Duncraig,76.25,135,108,80.0,115.7806424,-31.819274800000002,Non-government,Co-ed,Christian
2018,96,Bunbury Cathedral Grammar School,76.1,93,83,89.25,115.63864,-33.404668,Non-government,Co-ed,Christian
2018,96,Ocean Reef Senior High School,76.1,161,66,40.99,115.7389749,-31.75879833,Government,Co-ed,Secular
2018,98,Ellenbrook Secondary College,75.85,224,46,20.54,115.9642807,-31.78554916,Government,Co-ed,Secular
2018,99,Albany Senior High School,75.5,160,78,48.75,117.8917733,-35.02044765,Government,Co-ed,Secular
2018,99,Balcatta Senior High School,75.5,81,24,29.63,115.8122429,-31.87551716,Government,Co-ed,Secular
2018,101,Emmanuel Catholic College,75.4,150,39,26.0,115.84006959999999,-32.12857818,Non-government,Co-ed,Catholic
2018,102,Warwick Senior High School,75.35,75,24,32.0,115.8154291,-31.83867535,Government,Co-ed,Secular
2018,103,Lumen Christi College,75.2,121,62,51.24,116.0120135,-32.06737479,Non-government,Co-ed,Catholic
2018,104,Baldivis Secondary College,75.1,191,44,23.04,115.828418,-32.334099,Government,Co-ed,Secular
2018,104,John Paul College,75.1,71,49,69.01,121.47871540000001,-30.76410096,Non-government,Co-ed,Catholic
2018,104,Tranby College,75.1,51,30,58.82,115.8002428,-32.340570299999996,Non-government,Co-ed,Uniting
2018,107,Narrogin Senior High School,74.85,76,22,28.95,117.1914239,-32.93810289,Government,Co-ed,Secular
2018,108,Morley Senior High School,74.7,130,65,50.0,115.8836692,-31.873716899999998,Government,Co-ed,Secular
2018,109,Mater Dei College,74.6,152,81,53.29,115.7765193,-31.76466034,Non-government,Co-ed,Catholic
2018,110,Mandurah Baptist College,73.95,104,71,68.27,115.76011820000001,-32.47830702,Non-government,Co-ed,Baptist
2018,111,Belmont City College,73.65,90,23,25.56,115.9344344,-31.95889136,Government,Co-ed,Secular
2018,112,Rehoboth Christian College,73.55,36,30,83.33,115.977924,-32.03161911,Non-government,Co-ed,Christian
2018,113,Canning Vale College,73.5,207,69,33.33,115.9227838,-32.08291838,Government,Co-ed,Secular
2018,114,Kalamunda Senior High School,73.0,134,53,39.55,116.0561861,-31.97788079,Government,Co-ed,Secular
2018,115,Eastern Hills Senior High School,72.5,120,48,40.0,116.2200892,-31.87396818,Government,Co-ed,Secular
2018,116,Providence Christian College,72.25,57,29,50.88,115.93669409999998,-32.09974606,Non-government,Co-ed,Christian
2018,117,Sevenoaks Senior College,71.9,180,40,22.22,115.94230520000002,-32.01247925,Government,Co-ed,Secular
2018,118,Aranmore Catholic College,71.7,88,38,43.18,115.8431695,-31.92706854,Non-government,Co-ed,Catholic
2018,119,Eastern Goldfields College,71.5,170,43,25.29,121.47537460000001,-30.75101639,Government,Co-ed,Secular
2018,120,Geraldton Senior High School,71.4,192,32,16.67,114.61170919999999,-28.78068474,Government,Co-ed,Secular
2018,121,Mindarie Senior College,71.3,397,140,35.26,115.7060496,-31.6769792,Non-government,Co-ed,Catholic
2018,122,Ballajura Community College,71.25,214,86,40.19,115.8934345,-31.84474671,Government,Co-ed,Secular
2018,123,Safety Bay Senior High School,70.4,134,22,16.42,115.74096409999999,-32.30328609,Government,Co-ed,Secular
2018,124,Belridge Secondary College,68.45,135,39,28.89,115.76317590000001,-31.77038385,Government,Co-ed,Secular
2018,125,Kent Street Senior High School,68.1,107,50,46.73,115.8926602,-31.98570399,Government,Co-ed,Secular
2018,126,Hedland Senior High School,68.0,76,23,30.26,118.59861599999999,-20.39878872,Government,Co-ed,Secular
2018,126,St Luke's College,68.0,53,31,58.49,116.81744579999999,-20.75172597,Non-government,Co-ed,Catholic
2018,128,Butler College,67.65,200,72,36.0,115.70870079999999,-31.65166367,Government,Co-ed,Secular
2018,129,Darling Range Sports College,66.7,124,27,21.77,116.01085970000001,-31.97566063,Government,Co-ed,Secular
2018,130,Byford Secondary College,66.4,109,46,42.2,116.00187930000001,-32.22343162,Government,Co-ed,Secular
2018,131,Thornlie Senior High School,65.6,150,40,26.67,115.95964099999999,-32.06627622,Government,Co-ed,Secular
2018,132,Atwell College,64.9,183,44,24.04,115.86414620000001,-32.14395682,Government,Co-ed,Secular
2018,133,Warnbro Community High School,64.0,121,27,22.31,115.75909640000002,-32.34556923,Government,Co-ed,Secular
2018,134,Ellenbrook Christian College,63.75,38,25,65.79,115.95917800000001,-31.786783000000003,Non-government,Co-ed,Christian
2018,135,Fremantle College,63.1,89,25,28.09,115.76798000000001,-32.06791,Government,Co-ed,Secular
2018,136,Broome Senior High School,62.75,85,26,30.59,122.23232639999999,-17.95614273,Government,Co-ed,Secular
2018,137,Karratha Senior High School,61.9,114,22,19.3,116.8241249,-20.74695822,Government,Co-ed,Secular
2018,138,Halls Head College,61.2,172,47,27.33,115.69424040000001,-32.55444963,Government,Co-ed,Secular
2018,139,Gilmore College,60.95,130,27,20.77,115.814803,-32.238265999999996,Government,Co-ed,Secular
2018,140,Hampton Senior High School,60.65,112,37,33.04,115.92693,-31.89085713,Government,Co-ed,Secular
2018,141,Lakeland Senior High School,60.4,85,21,24.71,115.84591370000001,-32.10905514,Government,Co-ed,Secular
2018,142,Wanneroo Secondary College,59.25,209,55,26.32,115.81513329999999,-31.7578766,Government,Co-ed,Secular
2018,143,Dianella Secondary College,56.55,75,21,28.0,115.8549027,-31.87818209,Government,Co-ed,Secular
2018,144,Newton Moore Senior High School,55.55,81,29,35.8,115.63542140000001,-33.359211,Government,Co-ed,Secular
2018,145,Northam Senior High School,53.7,88,27,30.68,116.66764909999999,-31.64725593,Government,Co-ed,Secular
2018,146,Dalyellup College,51.9,70,29,41.43,115.62576729999999,-33.40385496,Government,Co-ed,Secular
2018,147,Rockingham Senior High School,47.9,98,22,22.45,115.7355203,-32.28495172,Government,Co-ed,Secular
2018,148,Western Australian College Of Agriculture - Cunderdin,32.5,61,22,36.07,117.230704,-31.626846999999998,Government,Co-ed,Secular
2019,1,Perth Modern School,96.75,241,238,98.76,115.83639579999999,-31.94506602,Government,Co-ed,Secular
2019,2,Hale School,92.85,201,177,88.06,115.7837828,-31.91232249,Non-government,Boys,Anglican
2019,3,Christ Church Grammar School,92.5,199,178,89.45,115.7769868,-31.98546117,Non-government,Boys,Anglican
2019,4,St Mary's Anglican Girls' School,91.15,161,137,85.09,115.766244,-31.87697112,Non-government,Girls,Anglican
2019,5,Presbyterian Ladies' College,90.75,123,116,94.31,115.76490600000001,-31.993592,Non-government,Girls,Uniting
2019,6,Methodist Ladies' College,89.95,140,134,95.71,115.77554029999999,-31.98701169,Non-government,Girls,Methodist
2019,7,Perth College,89.85,135,123,91.11,115.87548090000001,-31.93117853,Non-government,Girls,Catholic
2019,8,St Hilda's Anglican School for Girls,89.7,129,122,94.57,115.767812,-32.005047,Non-government,Girls,Anglican
2019,9,Ursula Frayne Catholic College,88.9,147,88,59.86,115.8990335,-31.97297817,Non-government,Co-ed,Catholic
2019,10,Shenton College,88.55,308,225,73.05,115.803008,-31.95969986,Government,Co-ed,Secular
2019,11,Penrhos College,88.3,118,103,87.29,115.87253940000001,-31.99743072,Non-government,Girls,Uniting
2019,12,Rossmoyne Senior High School,88.05,311,241,77.49,115.8705457,-32.04626472,Government,Co-ed,Secular
2019,13,Willetton Senior High School,87.55,349,257,73.64,115.8792246,-32.06131317,Government,Co-ed,Secular
2019,14,Sacred Heart College,87.45,220,145,65.91,115.74656999999999,-31.82737166,Non-government,Co-ed,Catholic
2019,14,Santa Maria College,87.45,180,142,78.89,115.795823,-32.018614,Non-government,Girls,Catholic
2019,16,Iona Presentation College,87.25,149,108,72.48,115.76773490000002,-32.00852636,Non-government,Girls,Catholic
2019,17,Wesley College,86.95,149,120,80.54,115.86593400000001,-31.97995555,Non-government,Boys,Christian
2019,18,John XXIII College,86.55,177,147,83.05,115.78479879999999,-31.9599189,Non-government,Co-ed,Catholic
2019,19,All Saints' College,86.5,138,113,81.88,115.867023,-32.04946998,Non-government,Co-ed,Anglican
2019,19,Scotch College,86.5,155,138,89.03,115.7731945,-31.98113329,Non-government,Boys,Christian
2019,21,Kennedy Baptist College,86.2,166,87,52.41,115.829647,-32.073356,Non-government,Co-ed,Baptist
2019,22,Chisholm Catholic College,85.5,264,174,65.91,115.90056470000002,-31.91151257,Non-government,Co-ed,Catholic
2019,23,Applecross Senior High School,85.2,227,158,69.6,115.83509,-32.029376,Government,Co-ed,Secular
2019,24,Mercedes College,85.05,152,106,69.74,115.8670832,-31.95623304,Non-government,Girls,Catholic
2019,25,Churchlands Senior High School,84.85,395,268,67.85,115.7899902,-31.91728978,Government,Co-ed,Secular
2019,26,John Curtin College of the Arts,84.6,232,146,62.93,115.75622379999999,-32.04863279,Government,Co-ed,Secular
2019,27,Trinity College,84.2,172,125,72.67,115.88257659999998,-31.96013472,Non-government,Boys,Catholic
2019,28,Servite College,83.6,171,82,47.95,115.8336415,-31.90270449,Non-government,Co-ed,Catholic
2019,29,St Norbert College,83.4,116,49,42.24,115.94034429999999,-32.00436432,Non-government,Co-ed,Catholic
2019,30,St Mary Mackillop College,83.15,102,49,48.04,115.33025090000001,-33.66260748,Non-government,Co-ed,Catholic
2019,31,Providence Christian College,83.0,61,28,45.9,115.93669409999998,-32.09974606,Non-government,Co-ed,Christian
2019,32,Carine Senior High School,82.95,198,91,45.96,115.775848,-31.85299735,Government,Co-ed,Secular
2019,32,Mount Lawley Senior High School,82.95,212,152,71.7,115.8697493,-31.92122258,Government,Co-ed,Secular
2019,34,Aquinas College,82.65,168,107,63.69,115.86175379999999,-32.02617519,Non-government,Boys,Catholic
2019,35,Carmel School,82.35,36,33,91.67,115.86207490000001,-31.89910743,Non-government,Co-ed,Jewish
2019,35,St Stephen's School - Carramar,82.35,202,124,61.39,115.78828,-31.71704,Non-government,Co-ed,Christian
2019,37,Christian Brothers' College,82.3,126,66,52.38,115.7533646,-32.05178739,Non-government,Boys,Catholic
2019,37,Peter Moyes Anglican Community School,82.3,126,76,60.32,115.7075982,-31.67541576,Non-government,Co-ed,Anglican
2019,39,Lynwood Senior High School,82.2,277,31,11.19,115.91612959999999,-32.04190909,Government,Co-ed,Secular
2019,40,Australian Islamic College - Kewdale,81.95,108,68,62.96,115.9325273,-31.97999061,Non-government,Co-ed,Islam
2019,40,Corpus Christi College,81.95,211,142,67.3,115.84290559999998,-32.05699614,Non-government,Co-ed,Catholic
2019,40,Duncraig Senior High School,81.95,178,85,47.75,115.767131,-31.82190527,Government,Co-ed,Secular
2019,40,Leeming Senior High School,81.95,160,75,46.88,115.8564902,-32.07467304,Government,Co-ed,Secular
2019,44,Bunbury Catholic College,81.85,170,90,52.94,115.6614239,-33.34342203,Non-government,Co-ed,Catholic
2019,44,John Septimus Roe Anglican Community School,81.85,163,93,57.06,115.85670549999999,-31.85936631,Non-government,Co-ed,Anglican
2019,46,Prendiville Catholic College,81.8,140,78,55.71,115.7396844,-31.75468355,Non-government,Co-ed,Catholic
2019,47,Australind Senior High School,81.35,159,42,26.42,115.7284365,-33.27665965,Government,Co-ed,Secular
2019,47,John Calvin Christian College,81.35,51,36,70.59,116.0066034,-32.14876453,Non-government,Co-ed,Christian
2019,47,Newman College,81.35,182,112,61.54,115.7873551,-31.9231958,Non-government,Co-ed,Catholic
2019,50,Bunbury Cathedral Grammar School,81.05,80,70,87.5,115.63864,-33.404668,Non-government,Co-ed,Christian
2019,51,Langford Islamic College,81.0,29,22,75.86,115.9371583,-32.04605574,Non-government,Co-ed,Islam
2019,52,Comet Bay College,80.9,232,43,18.53,115.7629996,-32.415805199999994,Government,Co-ed,Secular
2019,53,Holy Cross College,80.55,71,31,43.66,115.973832,-31.773096999999996,Non-government,Co-ed,Catholic
2019,54,Georgiana Molloy Anglican School,80.45,89,58,65.17,115.3815495,-33.6606425,Non-government,Co-ed,Anglican
2019,54,South Coast Baptist College,80.45,58,25,43.1,115.75750459999999,-32.31535966,Non-government,Co-ed,Christian
2019,56,Kolbe Catholic College,80.2,180,72,40.0,115.75397269999999,-32.27997384,Non-government,Co-ed,Catholic
2019,57,Frederick Irwin Anglican School,80.1,133,103,77.44,115.75308020000001,-32.50869435,Non-government,Co-ed,Anglican
2019,58,Nagle Catholic College,80.05,144,69,47.92,114.60999309999998,-28.77776964,Non-government,Co-ed,Catholic
2019,59,Ocean Reef Senior High School,79.5,147,58,39.46,115.7389749,-31.75879833,Government,Co-ed,Secular
2019,60,Canning Vale College,79.4,240,82,34.17,115.9227838,-32.08291838,Government,Co-ed,Secular
2019,60,Lesmurdie Senior High School,79.4,136,60,44.12,116.05164309999999,-32.01252075,Government,Co-ed,Secular
2019,62,Lake Joondalup Baptist College,79.3,133,90,67.67,115.7614206,-31.73747504,Non-government,Co-ed,Baptist
2019,63,Melville Senior High School,79.1,208,95,45.67,115.80546129999999,-32.04631125,Government,Co-ed,Secular
2019,64,Ashdale Secondary College,78.9,248,85,34.27,115.84149520000001,-31.81162275,Government,Co-ed,Secular
2019,65,John Forrest Secondary College,78.7,160,52,32.5,115.90088999999999,-31.90416352,Government,Co-ed,Secular
2019,66,Carey Baptist College,78.6,122,74,60.66,115.9355423,-32.11159158,Non-government,Co-ed,Christian
2019,66,Seton Catholic College,78.6,177,94,53.11,115.7933707,-32.07269529,Non-government,Co-ed,Catholic
2019,68,Emmanuel Catholic College,78.55,139,54,38.85,115.84006959999999,-32.12857818,Non-government,Co-ed,Catholic
2019,68,Esperance Senior High School,78.55,114,46,40.35,121.86825800000001,-33.86017872,Government,Co-ed,Secular
2019,68,Guildford Grammar School,78.55,153,116,75.82,115.98189199999999,-31.894036,Non-government,Co-ed,Anglican
2019,71,Geraldton Grammar School,78.15,44,31,70.45,114.621025,-28.76195313,Non-government,Co-ed,Anglican
2019,72,Margaret River Senior High School,77.65,134,56,41.79,115.07467140000001,-33.95431827,Government,Co-ed,Secular
2019,73,Eastern Goldfields College,77.4,167,45,26.95,121.47537460000001,-30.75101639,Government,Co-ed,Secular
2019,73,St Mark's Anglican Community School,77.4,155,111,71.61,115.74287279999999,-31.79848743,Non-government,Co-ed,Anglican
2019,75,Mandurah Baptist College,77.0,101,62,61.39,115.76011820000001,-32.47830702,Non-government,Co-ed,Baptist
2019,75,Mandurah Catholic College,77.0,159,64,40.25,115.73828600000002,-32.54895945,Non-government,Co-ed,Catholic
2019,77,Manjimup Senior High School,76.7,99,30,30.3,116.133228,-34.233841999999996,Government,Co-ed,Secular
2019,78,Cape Naturaliste College,76.65,100,37,37.0,115.24388909999999,-33.67693545,Government,Co-ed,Secular
2019,79,Mercy College,76.4,184,72,39.13,115.8575544,-31.84725114,Non-government,Co-ed,Catholic
2019,79,St Brigid's College,76.4,84,54,64.29,116.05206640000002,-31.99663035,Non-government,Girls,Catholic
2019,81,Baldivis Secondary College,76.3,199,34,17.09,115.828418,-32.334099,Government,Co-ed,Secular
2019,82,North Albany Senior High School,76.2,89,31,34.83,117.86686740000002,-34.99074882,Government,Co-ed,Secular
2019,83,Helena College,75.9,66,57,86.36,116.09143999999999,-31.90747,Government,Co-ed,Secular
2019,84,Bunbury Senior High School,75.85,99,38,38.38,115.63260770000001,-33.32746917,Government,Co-ed,Secular
2019,85,Governor Stirling Senior High School,75.8,119,30,25.21,115.98880559999999,-31.88893826,Government,Co-ed,Secular
2019,86,Great Southern Grammar,75.7,83,50,60.24,117.9707332,-34.94755539,Non-government,Co-ed,Christian
2019,87,Mazenod College,75.6,109,50,45.87,116.0388409,-32.006679,Non-government,Boys,Catholic
2019,88,Lumen Christi College,75.15,119,51,42.86,116.0120135,-32.06737479,Non-government,Co-ed,Catholic
2019,88,Morley Senior High School,75.15,155,83,53.55,115.8836692,-31.873716899999998,Government,Co-ed,Secular
2019,90,Belmont City College,74.9,122,30,24.59,115.9344344,-31.95889136,Government,Co-ed,Secular
2019,90,Mater Dei College,74.9,125,71,56.8,115.7765193,-31.76466034,Non-government,Co-ed,Catholic
2019,92,Woodvale Secondary College,74.8,184,90,48.91,115.7994712,-31.79154969,Government,Co-ed,Secular
2019,93,John Paul College,74.5,55,37,67.27,121.47871540000001,-30.76410096,Non-government,Co-ed,Catholic
2019,94,Greenwood College,74.1,118,47,39.83,115.7914439,-31.82628484,Government,Co-ed,Secular
2019,95,La Salle College,73.95,211,84,39.81,116.004411,-31.87856979,Non-government,Co-ed,Catholic
2019,96,Mindarie Senior College,73.45,353,107,30.31,115.7060496,-31.6769792,Non-government,Co-ed,Catholic
2019,97,Denmark Senior High School,73.4,49,29,59.18,117.3645842,-34.95741408,Government,Co-ed,Secular
2019,98,Quinns Baptist College,73.15,65,25,38.46,115.71019640000002,-31.67618587,Non-government,Co-ed,Baptist
2019,99,Albany Senior High School,73.1,130,64,49.23,117.8917733,-35.02044765,Government,Co-ed,Secular
2019,100,Kingsway Christian College,72.6,96,81,84.38,115.8374044,-31.81156717,Non-government,Co-ed,Christian
2019,101,Peter Carnley Anglican Community School,72.55,50,24,48.0,115.8149145,-32.25710348,Non-government,Co-ed,Anglican
2019,102,Ellenbrook Christian College,72.5,50,24,48.0,115.95917800000001,-31.786783000000003,Non-government,Co-ed,Christian
2019,103,Swan Christian College,72.35,166,62,37.35,116.01175330000001,-31.85830659,Non-government,Co-ed,Christian
2019,104,Narrogin Senior High School,72.25,72,33,45.83,117.1914239,-32.93810289,Government,Co-ed,Secular
2019,105,Living Waters Lutheran College,72.2,71,27,38.03,115.7544169,-32.34307717,Non-government,Co-ed,Lutheran
2019,106,Como Secondary College,72.1,96,57,59.38,115.8711551,-32.00366439,Government,Co-ed,Secular
2019,107,Kalamunda Senior High School,72.05,140,55,39.29,116.0561861,-31.97788079,Government,Co-ed,Secular
2019,108,Tranby College,71.95,78,40,51.28,115.8002428,-32.340570299999996,Non-government,Co-ed,Uniting
2019,109,Sevenoaks Senior College,71.8,174,43,24.71,115.94230520000002,-32.01247925,Government,Co-ed,Secular
2019,110,Karratha Senior High School,71.35,134,30,22.39,116.8241249,-20.74695822,Government,Co-ed,Secular
2019,111,Irene McCormack Catholic College,71.25,115,63,54.78,115.70944899999999,-31.65406275,Non-government,Co-ed,Catholic
2019,112,Ellenbrook Secondary College,71.2,185,43,23.24,115.9642807,-31.78554916,Government,Co-ed,Secular
2019,113,Kent Street Senior High School,70.95,103,47,45.63,115.8926602,-31.98570399,Government,Co-ed,Secular
2019,114,Atwell College,70.85,170,37,21.76,115.86414620000001,-32.14395682,Government,Co-ed,Secular
2019,115,Manea Senior College,70.45,291,107,36.77,115.65679750000001,-33.36775659,Government,Co-ed,Secular
2019,115,St Joseph's College,70.45,39,26,66.67,117.902192,-34.997944,Non-government,Co-ed,Catholic
2019,117,Eastern Hills Senior High School,69.75,118,39,33.05,116.2200892,-31.87396818,Government,Co-ed,Secular
2019,118,Balcatta Senior High School,69.6,85,24,28.24,115.8122429,-31.87551716,Government,Co-ed,Secular
2019,119,Southern River College,69.55,103,23,22.33,115.979918,-32.08559751,Government,Co-ed,Secular
2019,120,Kearnan College,69.25,37,24,64.86,116.1416408,-34.24140477,Non-government,Co-ed,Catholic
2019,121,Aranmore Catholic College,68.1,84,41,48.81,115.8431695,-31.92706854,Non-government,Co-ed,Catholic
2019,121,OneSchool Global WA,68.1,37,24,64.86,115.90171969999999,-32.05654231,Non-government,Co-ed,Brethren Christian
2019,123,Butler College,67.75,182,33,18.13,115.70870079999999,-31.65166367,Government,Co-ed,Secular
2019,124,Thornlie Senior High School,67.3,124,39,31.45,115.95964099999999,-32.06627622,Government,Co-ed,Secular
2019,125,Ballajura Community College,67.0,212,68,32.08,115.8934345,-31.84474671,Government,Co-ed,Secular
2019,126,Belridge Secondary College,66.4,132,44,33.33,115.76317590000001,-31.77038385,Government,Co-ed,Secular
2019,127,Geraldton Senior High School,66.25,201,37,18.41,114.61170919999999,-28.78068474,Government,Co-ed,Secular
2019,128,Kelmscott Senior High School,65.95,185,62,33.51,116.0110534,-32.12147619,Government,Co-ed,Secular
2019,129,Broome Senior High School,65.25,96,42,43.75,122.23232639999999,-17.95614273,Government,Co-ed,Secular
2019,130,Wanneroo Secondary College,64.4,134,35,26.12,115.81513329999999,-31.7578766,Government,Co-ed,Secular
2019,131,Fremantle College,63.9,97,26,26.8,115.76798000000001,-32.06791,Government,Co-ed,Secular
2019,132,Northam Senior High School,63.65,93,26,27.96,116.66764909999999,-31.64725593,Government,Co-ed,Secular
2019,133,Dalyellup College,63.55,76,22,28.95,115.62576729999999,-33.40385496,Government,Co-ed,Secular
2019,134,Bullsbrook College,62.85,88,20,22.73,116.033179,-31.66171848,Government,Co-ed,Secular
2019,135,Darling Range Sports College,61.95,100,21,21.0,116.01085970000001,-31.97566063,Government,Co-ed,Secular
2019,136,Hampton Senior High School,61.9,110,29,26.36,115.92693,-31.89085713,Government,Co-ed,Secular
2019,137,Halls Head College,61.2,167,29,17.37,115.69424040000001,-32.55444963,Government,Co-ed,Secular
2019,138,Warwick Senior High School,60.8,77,24,31.17,115.8154291,-31.83867535,Government,Co-ed,Secular
2019,139,Byford Secondary College,60.0,134,45,33.58,116.00187930000001,-32.22343162,Government,Co-ed,Secular
2019,140,Hedland Senior High School,55.95,80,21,26.25,118.59861599999999,-20.39878872,Government,Co-ed,Secular
2019,141,Merredin College,55.2,54,23,42.59,118.2849815,-31.48808967,Government,Co-ed,Secular
2019,142,Joseph Banks Secondary College,41.85,171,68,39.77,115.79659109999999,-31.69867412,Government,Co-ed,Secular
2020,1,Perth Modern School,97.55,242,242,100.0,115.83639579999999,-31.94506602,Government,Co-ed,Secular
2020,2,St Hilda's Anglican School for Girls,92.7,147,134,91.16,115.767812,-32.005047,Non-government,Girls,Anglican
2020,3,Christ Church Grammar School,92.5,190,175,92.11,115.7769868,-31.98546117,Non-government,Boys,Anglican
2020,4,Penrhos College,90.65,135,116,85.93,115.87253940000001,-31.99743072,Non-government,Girls,Uniting
2020,5,Methodist Ladies' College,90.55,126,112,88.89,115.77554029999999,-31.98701169,Non-government,Girls,Methodist
2020,6,Hale School,90.35,194,169,87.11,115.7837828,-31.91232249,Non-government,Boys,Anglican
2020,7,St Mary's Anglican Girls' School,90.3,153,128,83.66,115.766244,-31.87697112,Non-government,Girls,Anglican
2020,8,John XXIII College,89.5,168,132,78.57,115.78479879999999,-31.9599189,Non-government,Co-ed,Catholic
2020,9,Perth College,89.4,129,116,89.92,115.87548090000001,-31.93117853,Non-government,Girls,Catholic
2020,10,Santa Maria College,89.35,176,120,68.18,115.795823,-32.018614,Non-government,Girls,Catholic
2020,11,Presbyterian Ladies' College,89.2,109,97,88.99,115.76490600000001,-31.993592,Non-government,Girls,Uniting
2020,12,Kennedy Baptist College,88.95,167,84,50.3,115.829647,-32.073356,Non-government,Co-ed,Baptist
2020,13,Carmel School,88.85,33,32,96.97,115.86207490000001,-31.89910743,Non-government,Co-ed,Jewish
2020,14,Shenton College,88.6,343,246,71.72,115.803008,-31.95969986,Government,Co-ed,Secular
2020,15,Mercedes College,88.55,139,101,72.66,115.8670832,-31.95623304,Non-government,Girls,Catholic
2020,16,Rossmoyne Senior High School,88.4,368,274,74.46,115.8705457,-32.04626472,Government,Co-ed,Secular
2020,17,Iona Presentation College,87.8,134,91,67.91,115.76773490000002,-32.00852636,Non-government,Girls,Catholic
2020,18,Willetton Senior High School,87.75,393,277,70.48,115.8792246,-32.06131317,Government,Co-ed,Secular
2020,19,Sacred Heart College,87.6,229,147,64.19,115.74656999999999,-31.82737166,Non-government,Co-ed,Catholic
2020,20,Mount Lawley Senior High School,86.45,234,152,64.96,115.8697493,-31.92122258,Government,Co-ed,Secular
2020,21,All Saints' College,86.35,146,120,82.19,115.867023,-32.04946998,Non-government,Co-ed,Anglican
2020,22,Churchlands Senior High School,85.9,415,263,63.37,115.7899902,-31.91728978,Government,Co-ed,Secular
2020,23,Aquinas College,85.85,174,108,62.07,115.86175379999999,-32.02617519,Non-government,Boys,Catholic
2020,24,Scotch College,85.35,175,130,74.29,115.7731945,-31.98113329,Non-government,Boys,Christian
2020,25,John Curtin College of the Arts,85.25,224,146,65.18,115.75622379999999,-32.04863279,Government,Co-ed,Secular
2020,25,Mazenod College,85.25,122,61,50.0,116.0388409,-32.006679,Non-government,Boys,Catholic
2020,27,Our Lady of Mercy College,85.2,54,25,46.3,115.74006399999999,-33.270941,Non-government,Co-ed,Catholic
2020,28,Corpus Christi College,84.95,228,140,61.4,115.84290559999998,-32.05699614,Non-government,Co-ed,Catholic
2020,29,Bunbury Cathedral Grammar School,84.8,75,61,81.33,115.63864,-33.404668,Non-government,Co-ed,Christian
2020,29,Chisholm Catholic College,84.8,234,126,53.85,115.90056470000002,-31.91151257,Non-government,Co-ed,Catholic
2020,31,St Stephen's School - Carramar,84.75,194,107,55.15,115.78828,-31.71704,Non-government,Co-ed,Christian
2020,32,Duncraig Senior High School,84.5,190,95,50.0,115.767131,-31.82190527,Government,Co-ed,Secular
2020,32,Mandurah Catholic College,84.5,199,83,41.71,115.73828600000002,-32.54895945,Non-government,Co-ed,Catholic
2020,34,Applecross Senior High School,84.3,234,145,61.97,115.83509,-32.029376,Government,Co-ed,Secular
2020,35,Comet Bay College,84.0,245,52,21.22,115.7629996,-32.415805199999994,Government,Co-ed,Secular
2020,35,John Septimus Roe Anglican Community School,84.0,167,84,50.3,115.85670549999999,-31.85936631,Non-government,Co-ed,Anglican
2020,37,Wesley College,83.9,144,119,82.64,115.86593400000001,-31.97995555,Non-government,Boys,Christian
2020,38,Providence Christian College,83.85,57,35,61.4,115.93669409999998,-32.09974606,Non-government,Co-ed,Christian
2020,39,Butler College,83.7,170,36,21.18,115.70870079999999,-31.65166367,Government,Co-ed,Secular
2020,40,John Wollaston Anglican Community School,83.3,75,29,38.67,116.007834,-32.104726,Non-government,Co-ed,Anglican
2020,41,Ursula Frayne Catholic College,83.15,115,82,71.3,115.8990335,-31.97297817,Non-government,Co-ed,Catholic
2020,42,St Norbert College,83.0,136,43,31.62,115.94034429999999,-32.00436432,Non-government,Co-ed,Catholic
2020,43,Trinity College,82.85,136,90,66.18,115.88257659999998,-31.96013472,Non-government,Boys,Catholic
2020,44,Newman College,82.7,171,112,65.5,115.7873551,-31.9231958,Non-government,Co-ed,Catholic
2020,45,Georgiana Molloy Anglican School,82.6,62,39,62.9,115.3815495,-33.6606425,Non-government,Co-ed,Anglican
2020,46,Mercy College,82.5,166,57,34.34,115.8575544,-31.84725114,Non-government,Co-ed,Catholic
2020,47,Carine Senior High School,82.35,197,85,43.15,115.775848,-31.85299735,Government,Co-ed,Secular
2020,47,Margaret River Senior High School,82.35,116,46,39.66,115.07467140000001,-33.95431827,Government,Co-ed,Secular
2020,49,Christian Brothers' College,82.2,112,66,58.93,115.7533646,-32.05178739,Non-government,Boys,Catholic
2020,50,Kingsway Christian College,81.65,102,77,75.49,115.8374044,-31.81156717,Non-government,Co-ed,Christian
2020,51,Living Waters Lutheran College,81.5,57,21,36.84,115.7544169,-32.34307717,Non-government,Co-ed,Lutheran
2020,52,Guildford Grammar School,81.35,107,81,75.7,115.98189199999999,-31.894036,Non-government,Co-ed,Anglican
2020,53,La Salle College,81.25,208,59,28.37,116.004411,-31.87856979,Non-government,Co-ed,Catholic
2020,53,Swan Valley Anglican Community School,81.25,82,41,50.0,115.98545159999998,-31.79434482,Non-government,Co-ed,Anglican
2020,55,Peter Moyes Anglican Community School,81.05,90,57,63.33,115.7075982,-31.67541576,Non-government,Co-ed,Anglican
2020,56,John Calvin Christian College,80.95,46,31,67.39,116.0066034,-32.14876453,Non-government,Co-ed,Christian
2020,57,Belmont City College,80.85,97,26,26.8,115.9344344,-31.95889136,Government,Co-ed,Secular
2020,58,Emmanuel Catholic College,80.8,162,43,26.54,115.84006959999999,-32.12857818,Non-government,Co-ed,Catholic
2020,58,St Mark's Anglican Community School,80.8,154,113,73.38,115.74287279999999,-31.79848743,Non-government,Co-ed,Anglican
2020,60,Prendiville Catholic College,80.45,159,85,53.46,115.7396844,-31.75468355,Non-government,Co-ed,Catholic
2020,61,Melville Senior High School,80.35,197,92,46.7,115.80546129999999,-32.04631125,Government,Co-ed,Secular
2020,62,Carey Baptist College,80.3,114,69,60.53,115.9355423,-32.11159158,Non-government,Co-ed,Christian
2020,62,Tranby College,80.3,64,27,42.19,115.8002428,-32.340570299999996,Non-government,Co-ed,Uniting
2020,64,Manjimup Senior High School,80.05,100,28,28.0,116.133228,-34.233841999999996,Government,Co-ed,Secular
2020,65,Servite College,80.0,152,67,44.08,115.8336415,-31.90270449,Non-government,Co-ed,Catholic
2020,66,Cape Naturaliste College,79.95,110,35,31.82,115.24388909999999,-33.67693545,Government,Co-ed,Secular
2020,67,Esperance Senior High School,79.9,124,42,33.87,121.86825800000001,-33.86017872,Government,Co-ed,Secular
2020,68,Canning Vale College,79.8,207,82,39.61,115.9227838,-32.08291838,Government,Co-ed,Secular
2020,69,Frederick Irwin Anglican School,79.65,120,92,76.67,115.75308020000001,-32.50869435,Non-government,Co-ed,Anglican
2020,70,St Mary Mackillop College,79.3,97,51,52.58,115.33025090000001,-33.66260748,Non-government,Co-ed,Catholic
2020,71,Bunbury Catholic College,78.95,93,34,36.56,115.6614239,-33.34342203,Non-government,Co-ed,Catholic
2020,71,Lesmurdie Senior High School,78.95,124,44,35.48,116.05164309999999,-32.01252075,Government,Co-ed,Secular
2020,73,Denmark Senior High School,78.9,47,20,42.55,117.3645842,-34.95741408,Government,Co-ed,Secular
2020,74,John Forrest Secondary College,78.7,161,52,32.3,115.90088999999999,-31.90416352,Government,Co-ed,Secular
2020,75,Ashdale Secondary College,78.65,218,84,38.53,115.84149520000001,-31.81162275,Government,Co-ed,Secular
2020,76,Australind Senior High School,78.4,147,35,23.81,115.7284365,-33.27665965,Government,Co-ed,Secular
2020,77,Woodvale Secondary College,77.65,211,100,47.39,115.7994712,-31.79154969,Government,Co-ed,Secular
2020,78,Helena College,77.35,68,62,91.18,116.09143999999999,-31.90747,Government,Co-ed,Secular
2020,79,Bunbury Senior High School,77.3,107,40,37.38,115.63260770000001,-33.32746917,Government,Co-ed,Secular
2020,80,Lake Joondalup Baptist College,77.25,133,85,63.91,115.7614206,-31.73747504,Non-government,Co-ed,Baptist
2020,81,Manea Senior College,77.05,334,90,26.95,115.65679750000001,-33.36775659,Government,Co-ed,Secular
2020,81,Nagle Catholic College,77.05,131,54,41.22,114.60999309999998,-28.77776964,Non-government,Co-ed,Catholic
2020,83,Ocean Reef Senior High School,76.35,143,58,40.56,115.7389749,-31.75879833,Government,Co-ed,Secular
2020,84,Great Southern Grammar,76.05,83,54,65.06,117.9707332,-34.94755539,Non-government,Co-ed,Christian
2020,85,Langford Islamic College,75.9,37,26,70.27,115.9371583,-32.04605574,Non-government,Co-ed,Islam
2020,86,Greenwood College,75.75,125,46,36.8,115.7914439,-31.82628484,Government,Co-ed,Secular
2020,87,Como Secondary College,75.7,126,77,61.11,115.8711551,-32.00366439,Government,Co-ed,Secular
2020,88,Ellenbrook Christian College,75.65,43,22,51.16,115.95917800000001,-31.786783000000003,Non-government,Co-ed,Christian
2020,89,Leeming Senior High School,75.6,147,65,44.22,115.8564902,-32.07467304,Government,Co-ed,Secular
2020,90,Broome Senior High School,75.45,94,36,38.3,122.23232639999999,-17.95614273,Government,Co-ed,Secular
2020,91,Seton Catholic College,75.35,153,60,39.22,115.7933707,-32.07269529,Non-government,Co-ed,Catholic
2020,92,Joseph Banks Secondary College,74.95,203,51,25.12,115.79659109999999,-31.69867412,Government,Co-ed,Secular
2020,93,Kent Street Senior High School,74.65,134,45,33.58,115.8926602,-31.98570399,Government,Co-ed,Secular
2020,93,Swan Christian College,74.65,163,64,39.26,116.01175330000001,-31.85830659,Non-government,Co-ed,Christian
2020,95,Geraldton Grammar School,74.45,42,34,80.95,114.621025,-28.76195313,Non-government,Co-ed,Anglican
2020,96,Lynwood Senior High School,74.35,228,48,21.05,115.91612959999999,-32.04190909,Government,Co-ed,Secular
2020,97,Kolbe Catholic College,74.25,158,65,41.14,115.75397269999999,-32.27997384,Non-government,Co-ed,Catholic
2020,98,Holy Cross College,74.2,83,37,44.58,115.973832,-31.773096999999996,Non-government,Co-ed,Catholic
2020,99,St Brigid's College,73.85,103,61,59.22,116.05206640000002,-31.99663035,Non-government,Girls,Catholic
2020,100,Morley Senior High School,73.7,161,71,44.1,115.8836692,-31.873716899999998,Government,Co-ed,Secular
2020,101,Albany Senior High School,72.8,123,53,43.09,117.8917733,-35.02044765,Government,Co-ed,Secular
2020,102,Australian Islamic College - Kewdale,72.55,131,83,63.36,115.9325273,-31.97999061,Non-government,Co-ed,Islam
2020,102,Belridge Secondary College,72.55,128,39,30.47,115.76317590000001,-31.77038385,Government,Co-ed,Secular
2020,104,Mater Dei College,72.45,129,51,39.53,115.7765193,-31.76466034,Non-government,Co-ed,Catholic
2020,105,Eastern Hills Senior High School,72.2,106,42,39.62,116.2200892,-31.87396818,Government,Co-ed,Secular
2020,106,Aranmore Catholic College,71.95,106,47,44.34,115.8431695,-31.92706854,Non-government,Co-ed,Catholic
2020,107,Kalamunda Senior High School,71.05,137,53,38.69,116.0561861,-31.97788079,Government,Co-ed,Secular
2020,108,John Paul College,71.0,39,31,79.49,121.47871540000001,-30.76410096,Non-government,Co-ed,Catholic
2020,109,Mandurah Baptist College,70.65,121,63,52.07,115.76011820000001,-32.47830702,Non-government,Co-ed,Baptist
2020,110,North Albany Senior High School,70.15,81,40,49.38,117.86686740000002,-34.99074882,Government,Co-ed,Secular
2020,111,Mindarie Senior College,70.1,372,98,26.34,115.7060496,-31.6769792,Non-government,Co-ed,Catholic
2020,112,Halls Head College,69.95,169,38,22.49,115.69424040000001,-32.55444963,Government,Co-ed,Secular
2020,113,Kelmscott Senior High School,69.7,181,55,30.39,116.0110534,-32.12147619,Government,Co-ed,Secular
2020,114,Sevenoaks Senior College,68.95,160,38,23.75,115.94230520000002,-32.01247925,Government,Co-ed,Secular
2020,115,Eastern Goldfields College,68.2,165,41,24.85,121.47537460000001,-30.75101639,Government,Co-ed,Secular
2020,116,Byford Secondary College,68.0,153,33,21.57,116.00187930000001,-32.22343162,Government,Co-ed,Secular
2020,117,Hampton Senior High School,67.15,93,24,25.81,115.92693,-31.89085713,Government,Co-ed,Secular
2020,118,Quinns Baptist College,66.9,91,31,34.07,115.71019640000002,-31.67618587,Non-government,Co-ed,Baptist
2020,119,Ellenbrook Secondary College,66.25,218,42,19.27,115.9642807,-31.78554916,Government,Co-ed,Secular
2020,120,Irene McCormack Catholic College,66.2,104,47,45.19,115.70944899999999,-31.65406275,Non-government,Co-ed,Catholic
2020,121,Southern River College,66.0,113,23,20.35,115.979918,-32.08559751,Government,Co-ed,Secular
2020,122,Lumen Christi College,65.9,157,46,29.3,116.0120135,-32.06737479,Non-government,Co-ed,Catholic
2020,123,Northam Senior High School,65.65,101,23,22.77,116.66764909999999,-31.64725593,Government,Co-ed,Secular
2020,124,Narrogin Senior High School,65.45,90,33,36.67,117.1914239,-32.93810289,Government,Co-ed,Secular
2020,125,Thornlie Senior High School,65.35,146,26,17.81,115.95964099999999,-32.06627622,Government,Co-ed,Secular
2020,126,John Tonkin College,64.6,119,21,17.65,115.756358,-32.51758689,Government,Co-ed,Secular
2020,127,Geraldton Senior High School,64.5,189,27,14.29,114.61170919999999,-28.78068474,Government,Co-ed,Secular
2020,128,Fremantle College,64.25,91,28,30.77,115.76798000000001,-32.06791,Government,Co-ed,Secular
2020,129,Atwell College,64.05,170,49,28.82,115.86414620000001,-32.14395682,Government,Co-ed,Secular
2020,130,Governor Stirling Senior High School,63.8,116,50,43.1,115.98880559999999,-31.88893826,Government,Co-ed,Secular
2020,131,Wanneroo Secondary College,63.35,148,27,18.24,115.81513329999999,-31.7578766,Government,Co-ed,Secular
2020,132,Karratha Senior High School,62.8,118,26,22.03,116.8241249,-20.74695822,Government,Co-ed,Secular
2020,133,Ballajura Community College,62.5,221,80,36.2,115.8934345,-31.84474671,Government,Co-ed,Secular
2020,134,Baldivis Secondary College,60.45,205,41,20.0,115.828418,-32.334099,Government,Co-ed,Secular
2020,135,Balcatta Senior High School,60.4,76,20,26.32,115.8122429,-31.87551716,Government,Co-ed,Secular
2020,136,Safety Bay Senior High School,58.75,115,23,20.0,115.74096409999999,-32.30328609,Government,Co-ed,Secular
2020,137,Darling Range Sports College,52.4,129,44,34.11,116.01085970000001,-31.97566063,Government,Co-ed,Secular
2020,138,Gilmore College,52.25,141,23,16.31,115.814803,-32.238265999999996,Government,Co-ed,Secular
2020,139,Cecil Andrews College,49.85,77,20,25.97,115.9918834,-32.14118727,Government,Co-ed,Secular
